Province/State,,Country/Region,First confirmed date in country,1/21/2020 10:00 PM,1/22/2020 12:00 PM,1/23/2020 12:00 PM,1/24/2020 12:00 AM,1/24/2020 12:00 PM,1/25/2020 12:00 AM,1/25/2020 12:00 PM,1/25/2020 10:00 PM,1/26/2020 11:00 AM,1/26/2020 11:00 PM,1/27/2020 9:00 AM,1/27/2020 7:00 PM,1/27/2020 8:30 PM,1/28/2020 1:00 PM,1/28/2020 6:00 PM,1/28/2020 11:00 PM,1/29/2020 1:30 PM,1/29/2020 2:30 PM,1/29/2020 9:00 PM,1/30/2020 11:00 AM,1/31/2020 2:00 PM,1/31/2020 7:00 PM,2/1/2020 10:00 AM,2/2/2020 9:00 PM,2/3/2020 9:00 PM
,,,,,,,,,,,,,,,,,,,,,,,,,,,,
Anhui,,Mainland China,1/3/2020,,,,,,,,,,,,,,,,,,,,,,,,,
Beijing,,Mainland China,1/3/2020,,,,,,,,,,,,1,1,1,1,1,1,1,1,1,1,1,1,1,1
Chongqing,,Mainland China,1/3/2020,,,,,,,,,,,,,,,,,,,,,,1,1,2,2
Fujian,,Mainland China,1/3/2020,,,,,,,,,,,,,,,,,,,,,,,,,
Gansu,,Mainland China,1/3/2020,,,,,,,,,,,,,,,,,,,,,,,,,
Guangdong,,Mainland China,1/3/2020,,,,,,,,,,,,,,,,,,,,,,,,,
Guangxi,,Mainland China,1/3/2020,,,,,,,,,,,,,,,,,,,,,,,,,
Guizhou,,Mainland China,1/3/2020,,,,,,,,,,,,,,,,,,,,,,,,,
Hainan,,Mainland China,1/3/2020,,,,,,,,,,,1,1,1,1,1,1,1,1,1,1,1,1,1,1,1
Hebei,,Mainland China,1/3/2020,,,,1,1,1,1,1,1,1,1,1,1,1,1,1,1,1,1,1,1,1,1,1,1
Heilongjiang,,Mainland China,1/3/2020,,,,1,1,1,1,1,1,1,1,1,1,1,1,1,1,1,1,2,2,2,2,2,2
Henan,,Mainland China,1/3/2020,,,,,,,,,1,1,1,1,1,1,1,2,2,2,2,2,2,2,2,2,2
Hubei,,Mainland China,1/3/2020,,,,24,24,32,40,52,52,76,76,76,100,100,125,125,125,125,162,162,204,249,249,350,414
Hunan,,Mainland China,1/3/2020,,,,,,,,,,,,,,,,,,,,,,,,,
Inner Mongolia,,Mainland China,1/3/2020,,,,,,,,,,,,,,,,,,,,,,,,,
Jiangsu,,Mainland China,1/3/2020,,,,,,,,,,,,,,,,,,,,,,,,,
Jiangxi,,Mainland China,1/3/2020,,,,,,,,,,,,,,,,,,,,,,,,,
Jilin,,Mainland China,1/3/2020,,,,,,,,,,,,,,,,,,,,,,,,,
Liaoning,,Mainland China,1/3/2020,,,,,,,,,,,,,,,,,,,,,,,,,
Ningxia,,Mainland China,1/3/2020,,,,,,,,,,,,,,,,,,,,,,,,,
Qinghai,,Mainland China,1/3/2020,,,,,,,,,,,,,,,,,,,,,,,,,
Shaanxi,,Mainland China,1/3/2020,,,,,,,,,,,,,,,,,,,,,,,,,
Shandong,,Mainland China,1/3/2020,,,,,,,,,,,,,,,,,,,,,,,,,
Shanghai,,Mainland China,1/3/2020,,,,,,,,1,1,1,1,1,1,1,1,1,1,1,1,1,1,1,1,1,1
Shanxi,,Mainland China,1/3/2020,,,,,,,,,,,,,,,,,,,,,,,,,
Sichuan,,Mainland China,1/3/2020,,,,,,,,,,,,,,,,,,1,1,1,1,1,1,1,1
Tianjin,,Mainland China,1/3/2020,,,,,,,,,,,,,,,,,,,,,,,,,
Tibet,,Mainland China,1/3/2020,,,,,,,,,,,,,,,,,,,,,,,,,
Xinjiang,,Mainland China,1/3/2020,,,,,,,,,,,,,,,,,,,,,,,,,
Yunnan,,Mainland China,1/3/2020,,,,,,,,,,,,,,,,,,,,,,,,,
Zhejiang,,Mainland China,1/3/2020,,,,,,,,,,,,,,,,,,,,,,,,,
Hong Kong,,Hong Kong,1/23/2020,,,,,,,,,,,,,,,,,,,,,,,,,
Macau,,Macau,1/22/2020,,,,,,,,,,,,,,,,,,,,,,,,,
Taiwan,,Taiwan,1/21/2020,,,,,,,,,,,,,,,,,,,,,,,,,
Washington,,US,1/21/2020,,,,,,,,,,,,,,,,,,,,,,,,,
Illinois,,US,1/24/2020,,,,,,,,,,,,,,,,,,,,,,,,,
California,,US,1/26/2020,,,,,,,,,,,,,,,,,,,,,,,,,
Arizona,,US,1/26/2020,,,,,,,,,,,,,,,,,,,,,,,,,
,,Japan,1/16/2020,,,,,,,,,,,,,,,,,,,,,,,,,
,,Thailand,1/13/2020,,,,,,,,,,,,,,,,,,,,,,,,,
,,South Korea,1/21/2020,,,,,,,,,,,,,,,,,,,,,,,,,
,,Singapore,1/23/2020,,,,,,,,,,,,,,,,,,,,,,,,,
,,Vietnam,1/23/2020,,,,,,,,,,,,,,,,,,,,,,,,,
,,France,1/24/2020,,,,,,,,,,,,,,,,,,,,,,,,,
,,Nepal,1/25/2020,,,,,,,,,,,,,,,,,,,,,,,,,
,,Malaysia,1/25/2020,,,,,,,,,,,,,,,,,,,,,,,,,
Ontario,,Canada,1/26/2020,,,,,,,,,,,,,,,,,,,,,,,,,
British Columbia,,Canada,1/28/2020,,,,,,,,,,,,,,,,,,,,,,,,,
New South Wales,,Australia,1/26/2020,,,,,,,,,,,,,,,,,,,,,,,,,
Victoria,,Australia,1/26/2020,,,,,,,,,,,,,,,,,,,,,,,,,
Queensland,,Australia,1/27/2020,,,,,,,,,,,,,,,,,,,,,,,,,
,,Cambodia,1/27/2020,,,,,,,,,,,,,,,,,,,,,,,,,
,,Sri Lanka,1/27/2020,,,,,,,,,,,,,,,,,,,,,,,,,
Bavaria,,Germany,1/27/2020,,,,,,,,,,,,,,,,,,,,,,,,,
,,Finland,1/29/2020,,,,,,,,,,,,,,,,,,,,,,,,,
,,United Arab Emirates,1/29/2020,,,,,,,,,,,,,,,,,,,,,,,,,
,,Philippines,1/29/2020,,,,,,,,,,,,,,,,,,,,,,,,1,1
,,India,1/29/2020,,,,,,,,,,,,,,,,,,,,,,,,,
,,Italy,1/31/2020,,,,,,,,,,,,,,,,,,,,,,,,,
,,UK,1/31/2020,,,,,,,,,,,,,,,,,,,,,,,,,
,,Russia,1/31/2020,,,,,,,,,,,,,,,,,,,,,,,,,
,,Sweden,1/31/2020,,,,,,,,,,,,,,,,,,,,,,,,,
,,Spain,2/1/2020,,,,,,,,,,,,,,,,,,,,,,,,,
South Australia,,Australia,2/1/2020,,,,,,,,,,,,,,,,,,,,,,,,,
"Boston, MA",,US,2/2/2020,,,,,,,,,,,,,,,,,,,,,,,,,
